Olivia Archer,555-123-4567
Ethan Blake,555-234-5678
Sophia Carter,555-345-6789
Jackson Daniels,555-456-7890
Ava Ellis,555-567-8901
Liam Foster,555-678-9012
Isabella Gomez,555-789-0123
Aiden Harris,555-890-1234
Mia Ingram,555-901-2345
Noah Johnson,555-012-3456
Emma King,555-123-4567
Lucas Lawson,555-234-5678
Amelia Martinez,555-345-6789
Oliver Nelson,555-456-7890
Harper Owens,555-567-8901
Elijah Patel,555-678-9012
Abigail Quinn,555-789-0123
Benjamin Rodriguez,555-890-1234
Charlotte Smith,555-901-2345
Daniel Taylor,555-012-3456
Emily Underwood,555-123-4567
Samuel Vega,555-234-5678
Grace Walker,555-345-6789
Alexander Xu,555-456-7890
Chloe Young,555-567-8901
Henry Zimmerman,555-678-9012
Lily Adams,555-789-0123
James Baker,555-890-1234
Ella Campbell,555-901-2345
William Diaz,555-012-3456
Sofia Edwards,555-123-4567
Michael Fisher,555-234-5678
Victoria Green,555-345-6789
David Hayes,555-456-7890
Natalie Ito,555-567-8901
Joseph Jenkins,555-678-9012
Ava Khan,555-789-0123
Evelyn Lee,555-890-1234
Daniel Martin,555-901-2345
Zoey Nguyen,555-012-3456
Samuel O'Connor,555-123-4567
Grace Patel,555-234-5678
Benjamin Quinlan,555-345-6789
Lily Reyes,555-456-7890
Christopher Singh,555-567-8901
Harper Thompson,555-678-9012
Andrew Underwood,555-789-0123
Mia Vega,555-890-1234
Emily Wang,555-901-2345
Lucas Xu,555-012-3456
Sophia Yang,555-123-4567
Oliver Zimmerman,555-234-5678
Amelia Allen,555-345-6789
William Brown,555-456-7890
Isabella Carter,555-567-8901
Ethan Davis,555-678-9012
Charlotte Evans,555-789-0123
Aiden Foster,555-890-1234
Olivia Garcia,555-901-2345
Liam Harris,555-012-3456
Mia Ingram,555-123-4567
Noah Jackson,555-234-5678
Emma King,555-345-6789
Ava Lawson,555-456-7890
Benjamin Martinez,555-567-8901
Sophia Nelson,555-678-9012
Elijah Owens,555-789-0123
Grace Patel,555-890-1234
Alexander Quinn,555-901-2345
Chloe Rodriguez,555-012-3456
Daniel Smith,555-123-4567
Harper Taylor,555-234-5678
Samuel Underwood,555-345-6789
Emily Vega,555-456-7890
David Walker,555-567-8901
Abigail Xu,555-678-9012
James Young,555-789-0123
Lily Adams,555-890-1234
Oliver Baker,555-901-2345
Amelia Campbell,555-012-3456
William Diaz,555-123-4567
Isabella Edwards,555-234-5678
Benjamin Fisher,555-345-6789
Mia Green,555-456-7890
Lucas Hayes,555-567-8901
Sophia Ito,555-678-9012
Aiden Jenkins,555-789-0123
Grace Khan,555-890-1234
Emma Lee,555-901-2345
Noah Martin,555-012-3456
Ava Nguyen,555-123-4567
Liam O'Connor,555-234-5678
Charlotte Patel,555-345-6789
Samuel Quinn,555-456-7890
Olivia Reyes,555-567-8901
Ethan Singh,555-678-9012
Mia Thompson,555-789-0123
Oliver Underwood,555-890-1234
Emily Vega,555-901-2345
Alexander Walker,555-012-3456